{"xy_sens": 7.5, "targeting_sens": 31.5, "xy_scale": 1.3333333333333333, "targeting_scale": 1.439153439153439, "targeting_scale_aiming": 4.063492063492063}